{
    "rmse": 0.7596249456820382,
    "mae": 0.6291073894473936,
    "r2": 0.04461267750744724
}